{
  "token_acc":1.0,
  "token_p":0.9995623249,
  "token_r":0.999824884,
  "token_f":0.9996935872,
  "pos_acc":0.9170022763,
  "morph_acc":0.1977059802,
  "morph_micro_p":0.0,
  "morph_micro_r":0.0,
  "morph_micro_f":0.0,
  "morph_per_feat":{
    "Case":{
      "p":0.0,
      "r":0.0,
      "f":0.0
    },
    "Gender":{
      "p":0.0,
      "r":0.0,
      "f":0.0
    },
    "Number":{
      "p":0.0,
      "r":0.0,
      "f":0.0
    },
    "Tense":{
      "p":0.0,
      "r":0.0,
      "f":0.0
    },
    "VerbForm":{
      "p":0.0,
      "r":0.0,
      "f":0.0
    },
    "Voice":{
      "p":0.0,
      "r":0.0,
      "f":0.0
    },
    "Animacy":{
      "p":0.0,
      "r":0.0,
      "f":0.0
    },
    "Definite":{
      "p":0.0,
      "r":0.0,
      "f":0.0
    },
    "Degree":{
      "p":0.0,
      "r":0.0,
      "f":0.0
    },
    "Mood":{
      "p":0.0,
      "r":0.0,
      "f":0.0
    },
    "Person":{
      "p":0.0,
      "r":0.0,
      "f":0.0
    },
    "PronType":{
      "p":0.0,
      "r":0.0,
      "f":0.0
    },
    "Polarity":{
      "p":0.0,
      "r":0.0,
      "f":0.0
    },
    "Poss":{
      "p":0.0,
      "r":0.0,
      "f":0.0
    },
    "Reflex":{
      "p":0.0,
      "r":0.0,
      "f":0.0
    },
    "Number[psor]":{
      "p":0.0,
      "r":0.0,
      "f":0.0
    },
    "NumType":{
      "p":0.0,
      "r":0.0,
      "f":0.0
    },
    "Foreign":{
      "p":0.0,
      "r":0.0,
      "f":0.0
    },
    "Gender[psor]":{
      "p":0.0,
      "r":0.0,
      "f":0.0
    }
  },
  "lemma_acc":0.8724885095,
  "tag_acc":0.9601190737,
  "sents_p":0.9587242026,
  "sents_r":0.9826923077,
  "sents_f":0.9705603039,
  "dep_uas":0.9409883576,
  "dep_las":0.9116074552,
  "dep_las_per_type":{
    "nsubj":{
      "p":0.9449648712,
      "r":0.9394644936,
      "f":0.942206655
    },
    "cc":{
      "p":0.9423631124,
      "r":0.9533527697,
      "f":0.947826087
    },
    "conj":{
      "p":0.8561484919,
      "r":0.8541666667,
      "f":0.8551564311
    },
    "root":{
      "p":0.9512195122,
      "r":0.975,
      "f":0.962962963
    },
    "obj":{
      "p":0.9423558897,
      "r":0.9518987342,
      "f":0.9471032746
    },
    "case":{
      "p":0.9745614035,
      "r":0.9762741652,
      "f":0.9754170325
    },
    "nmod":{
      "p":0.8711923412,
      "r":0.8929527208,
      "f":0.881938326
    },
    "amod":{
      "p":0.9598572703,
      "r":0.9737556561,
      "f":0.9667565139
    },
    "aux":{
      "p":0.9416058394,
      "r":0.9644859813,
      "f":0.9529085873
    },
    "obl":{
      "p":0.8781838317,
      "r":0.8572972973,
      "f":0.8676148796
    },
    "mark":{
      "p":0.9442970822,
      "r":0.9569892473,
      "f":0.9506008011
    },
    "cop":{
      "p":0.8516129032,
      "r":0.7951807229,
      "f":0.8224299065
    },
    "ccomp":{
      "p":0.9517241379,
      "r":0.8466257669,
      "f":0.8961038961
    },
    "advcl":{
      "p":0.7073170732,
      "r":0.7341772152,
      "f":0.7204968944
    },
    "xcomp":{
      "p":0.82,
      "r":0.897810219,
      "f":0.8571428571
    },
    "acl":{
      "p":0.8232323232,
      "r":0.8069306931,
      "f":0.815
    },
    "flat":{
      "p":0.8859649123,
      "r":0.8487394958,
      "f":0.8669527897
    },
    "advmod":{
      "p":0.8594249201,
      "r":0.8459119497,
      "f":0.852614897
    },
    "discourse":{
      "p":0.5744680851,
      "r":0.5094339623,
      "f":0.54
    },
    "appos":{
      "p":0.5733333333,
      "r":0.5512820513,
      "f":0.5620915033
    },
    "parataxis":{
      "p":0.7872340426,
      "r":0.8222222222,
      "f":0.8043478261
    },
    "det":{
      "p":0.9619565217,
      "r":0.9465240642,
      "f":0.9541778976
    },
    "nummod":{
      "p":0.9433962264,
      "r":0.7692307692,
      "f":0.8474576271
    },
    "csubj":{
      "p":0.7391304348,
      "r":0.7083333333,
      "f":0.7234042553
    },
    "fixed":{
      "p":0.8620689655,
      "r":0.8474576271,
      "f":0.8547008547
    },
    "expl":{
      "p":1.0,
      "r":0.9935483871,
      "f":0.996763754
    },
    "nummod:gov":{
      "p":0.8028169014,
      "r":0.8769230769,
      "f":0.8382352941
    },
    "orphan":{
      "p":0.0,
      "r":0.0,
      "f":0.0
    },
    "det:numgov":{
      "p":0.7857142857,
      "r":1.0,
      "f":0.88
    },
    "dep":{
      "p":0.0,
      "r":0.0,
      "f":0.0
    }
  },
  "speed":1607.5047281351
}