{
  "token_acc":1.0,
  "token_p":1.0,
  "token_r":1.0,
  "token_f":1.0,
  "ents_p":0.8060540541,
  "ents_r":0.8591841438,
  "ents_f":0.8317715306,
  "ents_per_type":{
    "ROLE":{
      "p":0.7612903226,
      "r":0.7972972973,
      "f":0.7788778878
    },
    "PERS":{
      "p":0.8407864302,
      "r":0.9324497649,
      "f":0.8842489357
    },
    "LOC":{
      "p":0.7740585774,
      "r":0.7581967213,
      "f":0.7660455487
    },
    "ORG":{
      "p":0.5,
      "r":0.2857142857,
      "f":0.3636363636
    },
    "DEMO":{
      "p":0.7739130435,
      "r":0.7355371901,
      "f":0.7542372881
    },
    "WORK":{
      "p":0.0,
      "r":0.0,
      "f":0.0
    },
    "EVENT":{
      "p":0.0,
      "r":0.0,
      "f":0.0
    }
  },
  "speed":10924.1692726271
}