{
  "token_acc":1.0,
  "token_p":0.9995623249,
  "token_r":0.999824884,
  "token_f":0.9996935872,
  "pos_acc":0.987829437,
  "morph_acc":0.9623500569,
  "morph_micro_p":0.9836086858,
  "morph_micro_r":0.9814424977,
  "morph_micro_f":0.9825243978,
  "morph_per_feat":{
    "Case":{
      "p":0.9794299148,
      "r":0.9768464244,
      "f":0.9781364637
    },
    "Gender":{
      "p":0.9820620285,
      "r":0.9795986622,
      "f":0.9808287987
    },
    "Number":{
      "p":0.9848058526,
      "r":0.9824561404,
      "f":0.9836295932
    },
    "Tense":{
      "p":0.9975801573,
      "r":0.9963746224,
      "f":0.9969770254
    },
    "VerbForm":{
      "p":0.9914209115,
      "r":0.9908896034,
      "f":0.9911551863
    },
    "Voice":{
      "p":0.9760683761,
      "r":0.977739726,
      "f":0.9769033362
    },
    "Animacy":{
      "p":0.884,
      "r":0.86328125,
      "f":0.8735177866
    },
    "Definite":{
      "p":0.9786710418,
      "r":0.9835119538,
      "f":0.9810855263
    },
    "Degree":{
      "p":0.9833436151,
      "r":0.9827373613,
      "f":0.9830403947
    },
    "Mood":{
      "p":0.9991289199,
      "r":0.998259356,
      "f":0.9986939486
    },
    "Person":{
      "p":0.998401279,
      "r":0.992845787,
      "f":0.9956157832
    },
    "PronType":{
      "p":0.9894736842,
      "r":0.9806259314,
      "f":0.9850299401
    },
    "Polarity":{
      "p":0.9672131148,
      "r":0.9672131148,
      "f":0.9672131148
    },
    "Poss":{
      "p":0.9801980198,
      "r":0.9801980198,
      "f":0.9801980198
    },
    "Reflex":{
      "p":1.0,
      "r":1.0,
      "f":1.0
    },
    "Number[psor]":{
      "p":0.9117647059,
      "r":0.8611111111,
      "f":0.8857142857
    },
    "NumType":{
      "p":0.96,
      "r":0.9638554217,
      "f":0.9619238477
    },
    "Gender[psor]":{
      "p":0.9411764706,
      "r":0.9411764706,
      "f":0.9411764706
    },
    "Foreign":{
      "p":0.3333333333,
      "r":0.3333333333,
      "f":0.3333333333
    }
  },
  "tag_acc":0.9600735487,
  "lemma_acc":0.9409498796,
  "sents_p":0.9039855072,
  "sents_r":0.9596153846,
  "sents_f":0.9309701493,
  "dep_uas":0.9370440692,
  "dep_las":0.908064355,
  "dep_las_per_type":{
    "nsubj":{
      "p":0.9417249417,
      "r":0.940628638,
      "f":0.9411764706
    },
    "cc":{
      "p":0.944606414,
      "r":0.944606414,
      "f":0.944606414
    },
    "conj":{
      "p":0.8528037383,
      "r":0.8449074074,
      "f":0.8488372093
    },
    "root":{
      "p":0.9094202899,
      "r":0.9653846154,
      "f":0.9365671642
    },
    "obj":{
      "p":0.9688311688,
      "r":0.9443037975,
      "f":0.9564102564
    },
    "case":{
      "p":0.9754170325,
      "r":0.9762741652,
      "f":0.9758454106
    },
    "nmod":{
      "p":0.8562822719,
      "r":0.8876003568,
      "f":0.8716600964
    },
    "flat":{
      "p":0.8818443804,
      "r":0.8571428571,
      "f":0.8693181818
    },
    "amod":{
      "p":0.9614003591,
      "r":0.9692307692,
      "f":0.9652996845
    },
    "aux":{
      "p":0.942804428,
      "r":0.9551401869,
      "f":0.9489322191
    },
    "obl":{
      "p":0.8825503356,
      "r":0.852972973,
      "f":0.8675096207
    },
    "mark":{
      "p":0.9469496021,
      "r":0.9596774194,
      "f":0.953271028
    },
    "cop":{
      "p":0.8552631579,
      "r":0.7831325301,
      "f":0.8176100629
    },
    "ccomp":{
      "p":0.8961038961,
      "r":0.8466257669,
      "f":0.8706624606
    },
    "advcl":{
      "p":0.7671232877,
      "r":0.7088607595,
      "f":0.7368421053
    },
    "xcomp":{
      "p":0.7935483871,
      "r":0.897810219,
      "f":0.8424657534
    },
    "acl":{
      "p":0.801980198,
      "r":0.801980198,
      "f":0.801980198
    },
    "advmod":{
      "p":0.8653846154,
      "r":0.8490566038,
      "f":0.8571428571
    },
    "appos":{
      "p":0.6388888889,
      "r":0.5897435897,
      "f":0.6133333333
    },
    "parataxis":{
      "p":0.7462686567,
      "r":0.7407407407,
      "f":0.7434944238
    },
    "det":{
      "p":0.9465240642,
      "r":0.9465240642,
      "f":0.9465240642
    },
    "nummod":{
      "p":0.9122807018,
      "r":0.8,
      "f":0.8524590164
    },
    "csubj":{
      "p":0.76,
      "r":0.7916666667,
      "f":0.7755102041
    },
    "fixed":{
      "p":0.8524590164,
      "r":0.8813559322,
      "f":0.8666666667
    },
    "discourse":{
      "p":0.6428571429,
      "r":0.5094339623,
      "f":0.5684210526
    },
    "expl":{
      "p":1.0,
      "r":0.9935483871,
      "f":0.996763754
    },
    "nummod:gov":{
      "p":0.8285714286,
      "r":0.8923076923,
      "f":0.8592592593
    },
    "orphan":{
      "p":0.0,
      "r":0.0,
      "f":0.0
    },
    "det:numgov":{
      "p":0.7857142857,
      "r":1.0,
      "f":0.88
    },
    "dep":{
      "p":0.0,
      "r":0.0,
      "f":0.0
    }
  },
  "speed":1728.6004925743
}