{
  "token_acc":1.0,
  "token_p":1.0,
  "token_r":1.0,
  "token_f":1.0,
  "tag_acc":0.923873872,
  "lemma_acc":0.9405222457,
  "ents_p":0.8453105968,
  "ents_r":0.7997234386,
  "ents_f":0.8218853624,
  "ents_per_type":{
    "ROLE":{
      "p":0.7944523471,
      "r":0.7547297297,
      "f":0.7740817741
    },
    "PERS":{
      "p":0.9090073529,
      "r":0.8456605387,
      "f":0.8761904762
    },
    "LOC":{
      "p":0.7262357414,
      "r":0.7827868852,
      "f":0.7534516765
    },
    "ORG":{
      "p":0.2352941176,
      "r":0.5714285714,
      "f":0.3333333333
    },
    "DEMO":{
      "p":0.7927927928,
      "r":0.7272727273,
      "f":0.7586206897
    },
    "WORK":{
      "p":0.0,
      "r":0.0,
      "f":0.0
    },
    "EVENT":{
      "p":0.0,
      "r":0.0,
      "f":0.0
    }
  },
  "speed":3730.4016925549
}