{
  "token_acc":1.0,
  "token_p":0.9995623249,
  "token_r":0.999824884,
  "token_f":0.9996935872,
  "pos_acc":0.9098231483,
  "morph_acc":0.1977059802,
  "morph_micro_p":0.0,
  "morph_micro_r":0.0,
  "morph_micro_f":0.0,
  "morph_per_feat":{
    "Case":{
      "p":0.0,
      "r":0.0,
      "f":0.0
    },
    "Gender":{
      "p":0.0,
      "r":0.0,
      "f":0.0
    },
    "Number":{
      "p":0.0,
      "r":0.0,
      "f":0.0
    },
    "Tense":{
      "p":0.0,
      "r":0.0,
      "f":0.0
    },
    "VerbForm":{
      "p":0.0,
      "r":0.0,
      "f":0.0
    },
    "Voice":{
      "p":0.0,
      "r":0.0,
      "f":0.0
    },
    "Animacy":{
      "p":0.0,
      "r":0.0,
      "f":0.0
    },
    "Definite":{
      "p":0.0,
      "r":0.0,
      "f":0.0
    },
    "Degree":{
      "p":0.0,
      "r":0.0,
      "f":0.0
    },
    "Mood":{
      "p":0.0,
      "r":0.0,
      "f":0.0
    },
    "Person":{
      "p":0.0,
      "r":0.0,
      "f":0.0
    },
    "PronType":{
      "p":0.0,
      "r":0.0,
      "f":0.0
    },
    "Polarity":{
      "p":0.0,
      "r":0.0,
      "f":0.0
    },
    "Poss":{
      "p":0.0,
      "r":0.0,
      "f":0.0
    },
    "Reflex":{
      "p":0.0,
      "r":0.0,
      "f":0.0
    },
    "Number[psor]":{
      "p":0.0,
      "r":0.0,
      "f":0.0
    },
    "NumType":{
      "p":0.0,
      "r":0.0,
      "f":0.0
    },
    "Foreign":{
      "p":0.0,
      "r":0.0,
      "f":0.0
    },
    "Gender[psor]":{
      "p":0.0,
      "r":0.0,
      "f":0.0
    }
  },
  "lemma_acc":0.8667979864,
  "tag_acc":0.9587182069,
  "sents_p":0.9585687382,
  "sents_r":0.9788461538,
  "sents_f":0.9686013321,
  "dep_uas":0.9360447687,
  "dep_las":0.9069651244,
  "dep_las_per_type":{
    "nsubj":{
      "p":0.9380116959,
      "r":0.9336437718,
      "f":0.9358226371
    },
    "cc":{
      "p":0.9475218659,
      "r":0.9475218659,
      "f":0.9475218659
    },
    "conj":{
      "p":0.8125,
      "r":0.8125,
      "f":0.8125
    },
    "root":{
      "p":0.9510357815,
      "r":0.9711538462,
      "f":0.9609895338
    },
    "obj":{
      "p":0.9368686869,
      "r":0.9392405063,
      "f":0.9380530973
    },
    "case":{
      "p":0.9727592267,
      "r":0.9727592267,
      "f":0.9727592267
    },
    "nmod":{
      "p":0.8698275862,
      "r":0.9000892061,
      "f":0.8846996931
    },
    "amod":{
      "p":0.9598572703,
      "r":0.9737556561,
      "f":0.9667565139
    },
    "aux":{
      "p":0.9551401869,
      "r":0.9551401869,
      "f":0.9551401869
    },
    "obl":{
      "p":0.8802660754,
      "r":0.8583783784,
      "f":0.8691844554
    },
    "mark":{
      "p":0.9466666667,
      "r":0.9543010753,
      "f":0.9504685408
    },
    "cop":{
      "p":0.8282208589,
      "r":0.813253012,
      "f":0.820668693
    },
    "ccomp":{
      "p":0.9006622517,
      "r":0.8343558282,
      "f":0.8662420382
    },
    "advcl":{
      "p":0.6875,
      "r":0.6962025316,
      "f":0.6918238994
    },
    "xcomp":{
      "p":0.8157894737,
      "r":0.9051094891,
      "f":0.8581314879
    },
    "acl":{
      "p":0.7843137255,
      "r":0.7920792079,
      "f":0.7881773399
    },
    "flat":{
      "p":0.8856304985,
      "r":0.8459383754,
      "f":0.8653295129
    },
    "advmod":{
      "p":0.8729641694,
      "r":0.8427672956,
      "f":0.8576
    },
    "appos":{
      "p":0.6052631579,
      "r":0.5897435897,
      "f":0.5974025974
    },
    "parataxis":{
      "p":0.7786259542,
      "r":0.7555555556,
      "f":0.7669172932
    },
    "det":{
      "p":0.967032967,
      "r":0.9411764706,
      "f":0.9539295393
    },
    "nummod":{
      "p":0.9259259259,
      "r":0.7692307692,
      "f":0.8403361345
    },
    "csubj":{
      "p":0.7,
      "r":0.5833333333,
      "f":0.6363636364
    },
    "fixed":{
      "p":0.8644067797,
      "r":0.8644067797,
      "f":0.8644067797
    },
    "discourse":{
      "p":0.5555555556,
      "r":0.5660377358,
      "f":0.5607476636
    },
    "expl":{
      "p":0.9935064935,
      "r":0.9870967742,
      "f":0.9902912621
    },
    "nummod:gov":{
      "p":0.7916666667,
      "r":0.8769230769,
      "f":0.8321167883
    },
    "orphan":{
      "p":0.0,
      "r":0.0,
      "f":0.0
    },
    "dep":{
      "p":0.0,
      "r":0.0,
      "f":0.0
    },
    "det:numgov":{
      "p":0.7333333333,
      "r":1.0,
      "f":0.8461538462
    }
  },
  "speed":1144.58324676
}